{
  "run_name": "vgg_a_lr-0.0005_seed-2020",
  "model": "vgg_a",
  "learning_rate": 0.0005,
  "seed": 2020,
  "epochs": 20,
  "device": "cuda:0",
  "total_train_seconds": 48.04793239478022,
  "best_val_accuracy": 0.8484,
  "best_val_error": 0.15159999999999996,
  "test_metrics": {
    "loss": 0.5119373812675476,
    "accuracy": 0.838,
    "error": 0.16200000000000003
  },
  "model_path": "reports/models/vgg_a_lr-0.0005_seed-2020.pth"
}