{
  "run_name": "vgg_a_lr-0.0001_seed-2020",
  "model": "vgg_a",
  "learning_rate": 0.0001,
  "seed": 2020,
  "epochs": 20,
  "device": "cuda:0",
  "total_train_seconds": 47.88163436856121,
  "best_val_accuracy": 0.8196,
  "best_val_error": 0.1804,
  "test_metrics": {
    "loss": 0.5447014124870301,
    "accuracy": 0.8202,
    "error": 0.17979999999999996
  },
  "model_path": "reports/models/vgg_a_lr-0.0001_seed-2020.pth"
}