{
  "run_name": "vgg_a_bn_lr-0.001_seed-2020",
  "model": "vgg_a_bn",
  "learning_rate": 0.001,
  "seed": 2020,
  "epochs": 20,
  "device": "cuda:0",
  "total_train_seconds": 47.53059970866889,
  "best_val_accuracy": 0.8738,
  "best_val_error": 0.12619999999999998,
  "test_metrics": {
    "loss": 0.40310546102523803,
    "accuracy": 0.8696,
    "error": 0.13039999999999996
  },
  "model_path": "reports/models/vgg_a_bn_lr-0.001_seed-2020.pth"
}