{
  "run_name": "vgg_a_bn_lr-0.002_seed-2020",
  "model": "vgg_a_bn",
  "learning_rate": 0.002,
  "seed": 2020,
  "epochs": 20,
  "device": "cuda:0",
  "total_train_seconds": 46.30003395676613,
  "best_val_accuracy": 0.8656,
  "best_val_error": 0.13439999999999996,
  "test_metrics": {
    "loss": 0.4321129006385803,
    "accuracy": 0.8657,
    "error": 0.13429999999999997
  },
  "model_path": "reports/models/vgg_a_bn_lr-0.002_seed-2020.pth"
}